kalshi_ticker,kalshi_strike_price,product_id,coinbase_dir,coinbase_old_price,coinbase_new_price,coinbase_delta_usd,coinbase_anchor_exchange_ts_ms,coinbase_anchor_local_ts_ms,coinbase_anchor_sequence_num,coinbase_exchange_ts_ms,coinbase_local_ts_ms,coinbase_sequence_num,coinbase_window_ms,trigger_yes_bid,trigger_yes_ask,trigger_no_bid,trigger_no_ask,opportunity_side,trigger_entry_price_cents,trigger_entry_spread_cents,first_response_type,first_response_ts_ms,first_response_lag_ms,first_yes_bid_after,first_no_bid_after,first_yes_ask_after,first_no_ask_after,best_yes_bid_post,best_yes_ask_post,best_no_bid_post,best_no_ask_post,best_favorable_entry_edge_cents,best_favorable_exit_edge_cents,min_pair_cost_cents,min_pair_cost_ts_ms
KXBTC15M-26MAR102230-30,70020.34,BTC-USD,up,69970.41,69992.43,22.02,1773195677990,1773195681570,86,1773195678770,1773195682351,93,1000,34,35,65,66,buy_yes,35,1,no_bid_down,1773195682356,5,34,64,36,66,37,38,65,66,3,2,98,1773195686615
KXBTC15M-26MAR102230-30,70020.34,BTC-USD,down,69992.73,69981.00,-11.73,1773195683771,1773195687354,110,1773195684272,1773195687852,115,1000,38,39,61,62,buy_no,62,1,yes_bid_down,1773195688459,607,37,61,39,63,38,39,63,65,3,1,99,1773195690717
KXBTC15M-26MAR102230-30,70020.34,BTC-USD,up,69998.02,70010.11,12.09,1773195693489,1773195697070,159,1773195694033,1773195697616,162,1000,39,41,59,61,buy_yes,41,2,no_bid_down,1773195698244,628,39,58,42,61,40,42,59,61,1,0,101,1773195701709
KXBTC15M-26MAR102230-30,70020.34,BTC-USD,down,69983.98,69973.20,-10.78,1773195720237,1773195723818,266,1773195721036,1773195724617,271,1000,28,29,71,72,buy_no,72,1,yes_bid_down,1773195724722,105,27,71,29,73,28,29,78,79,7,6,94,1773195728409
KXBTC15M-26MAR102230-30,70020.34,BTC-USD,down,69973.20,69959.00,-14.20,1773195737269,1773195740851,351,1773195738017,1773195741605,355,1000,28,29,71,72,buy_no,72,1,,,,,,,,32,33,71,72,0,0,101,1773195741610
KXBTC15M-26MAR102230-30,70020.34,BTC-USD,down,69982.78,69969.00,-13.78,1773195751536,1773195755120,420,1773195752519,1773195756102,425,1000,28,30,70,72,buy_no,72,2,no_bid_up,1773195756353,251,28,71,29,72,29,30,71,73,1,0,101,1773195756353
KXBTC15M-26MAR102230-30,70020.34,BTC-USD,down,69981.58,69970.83,-10.75,1773195767987,1773195771571,492,1773195768760,1773195772345,496,1000,23,24,76,77,buy_no,77,1,yes_bid_down,1773195772627,282,22,76,24,78,23,24,78,79,2,1,99,1773195776856
KXBTC15M-26MAR102230-30,70020.34,BTC-USD,down,69960.91,69948.10,-12.81,1773195781994,1773195785579,547,1773195782831,1773195786415,553,1000,15,16,84,85,buy_no,85,1,,,,,,,,16,17,84,85,0,0,101,1773195786418
KXBTC15M-26MAR102230-30,70020.34,BTC-USD,up,69944.02,69974.27,30.25,1773195804236,1773195807822,663,1773195804774,1773195808360,666,1000,23,24,76,77,buy_yes,24,1,no_bid_down,1773195809155,795,23,75,25,77,26,27,85,86,3,2,98,1773195809796
KXBTC15M-26MAR102230-30,70020.34,BTC-USD,down,69978.07,69962.05,-16.02,1773195809988,1773195813573,693,1773195810980,1773195814572,697,1000,19,21,79,81,buy_no,81,2,yes_bid_down,1773195814831,259,18,79,21,82,20,21,80,82,1,0,101,1773195814831
KXBTC15M-26MAR102230-30,70020.34,BTC-USD,down,69961.99,69948.00,-13.99,1773195860488,1773195864079,906,1773195861297,1773195864885,908,1000,15,17,83,85,buy_no,85,2,,,,,,,,15,18,83,85,0,0,102,1773195864914
KXBTC15M-26MAR102230-30,70020.34,BTC-USD,up,69963.45,70005.50,42.05,1773195866745,1773195870336,924,1773195866814,1773195870403,925,1000,24,26,74,76,buy_yes,26,2,yes_bid_up,1773195870403,0,25,74,26,75,39,40,74,80,14,13,87,1773195872454
KXBTC15M-26MAR102230-30,70020.34,BTC-USD,down,70026.20,70012.26,-13.94,1773195875993,1773195879581,978,1773195876774,1773195880359,985,1000,45,46,54,55,buy_no,55,1,yes_bid_down,1773195880605,246,44,54,46,56,47,49,59,61,6,4,96,1773195885122
KXBTC15M-26MAR102230-30,70020.34,BTC-USD,down,70003.89,69992.74,-11.15,1773195886240,1773195889826,1028,1773195887024,1773195890610,1034,1000,30,33,67,70,buy_no,70,3,no_bid_up,1773195890618,8,30,69,31,70,36,38,71,73,3,1,99,1773195890720
KXBTC15M-26MAR102230-30,70020.34,BTC-USD,down,70004.47,69984.50,-19.97,1773195920989,1773195924577,1203,1773195921800,1773195925388,1209,1000,32,33,67,68,buy_no,68,1,yes_bid_down,1773195925472,84,29,67,33,71,32,33,74,77,9,6,94,1773195927725
KXBTC15M-26MAR102230-30,70020.34,BTC-USD,down,69981.56,69969.00,-12.56,1773195937238,1773195940825,1285,1773195938027,1773195941616,1291,1000,24,27,73,76,buy_no,76,3,yes_bid_down,1773195943672,2056,23,73,27,77,24,27,75,77,1,0,101,1773195944812
KXBTC15M-26MAR102230-30,70020.34,BTC-USD,down,69979.01,69966.00,-13.01,1773195956490,1773195960078,1357,1773195957276,1773195960864,1363,1000,16,19,81,84,buy_no,84,3,no_bid_up,1773195960982,118,16,82,18,84,16,19,86,87,3,2,98,1773195962927
KXBTC15M-26MAR102230-30,70020.34,BTC-USD,up,69956.00,69967.62,11.62,1773195962490,1773195966079,1391,1773195963260,1773195966848,1398,1000,17,20,80,83,buy_yes,20,3,yes_bid_up,1773195966863,15,18,80,20,82,20,21,80,83,1,0,100,1773195969431
KXBTC15M-26MAR102230-30,70020.34,BTC-USD,down,69973.19,69961.00,-12.19,1773195971489,1773195975077,1443,1773195972283,1773195975874,1447,1000,17,19,81,83,buy_no,83,2,no_bid_up,1773195978224,2350,17,82,18,83,17,19,82,83,0,0,101,1773195978224
KXBTC15M-26MAR102230-30,70020.34,BTC-USD,down,69973.20,69961.00,-12.20,1773195984235,1773195987823,1490,1773195984522,1773195988110,1492,1000,17,18,82,83,buy_no,83,1,yes_bid_down,1773195988617,507,16,82,18,84,17,18,90,91,8,7,93,1773195991760
KXBTC15M-26MAR102230-30,70020.34,BTC-USD,down,69951.98,69935.00,-16.98,1773196003237,1773196006842,1569,1773196004032,1773196007621,1573,1000,9,11,89,91,buy_no,91,2,no_bid_up,1773196007760,139,9,90,10,91,12,14,90,91,0,0,101,1773196007760
KXBTC15M-26MAR102230-30,70020.34,BTC-USD,down,69964.83,69942.00,-22.83,1773196021238,1773196024828,1653,1773196022044,1773196025636,1657,1000,10,12,88,90,buy_no,90,2,no_bid_up,1773196025732,96,10,89,11,90,13,14,89,90,0,0,101,1773196025732
KXBTC15M-26MAR102230-30,70020.34,BTC-USD,up,69973.20,69985.93,12.73,1773196057993,1773196061587,1786,1773196058771,1773196062361,1790,1000,14,15,85,86,buy_yes,15,1,no_bid_down,1773196063096,735,14,84,16,86,16,18,85,86,3,1,99,1773196066957
KXBTC15M-26MAR102230-30,70020.34,BTC-USD,down,69987.15,69974.00,-13.15,1773196064990,1773196068582,1821,1773196065749,1773196069341,1825,1000,16,17,83,84,buy_no,84,1,yes_bid_down,1773196071464,2123,15,83,17,85,17,18,84,85,1,0,100,1773196071464
KXBTC15M-26MAR102230-30,70020.34,BTC-USD,down,69984.70,69974.00,-10.70,1773196101238,1773196104831,1959,1773196101808,1773196105400,1963,1000,13,14,86,87,buy_no,87,1,,,,,,,,16,18,86,87,0,0,101,1773196105421
KXBTC15M-26MAR102230-30,70020.34,BTC-USD,down,69997.99,69984.36,-13.63,1773196136996,1773196140590,2081,1773196137775,1773196141367,2084,1000,3,4,96,97,buy_no,97,1,yes_bid_down,1773196141417,50,2,96,4,98,3,4,98,99,2,1,99,1773196142978
KXBTC15M-26MAR102245-45,,BTC-USD,down,69989.19,69977.00,-12.19,1773196200990,1773196204585,2299,1773196201807,1773196205405,2303,1000,52,53,47,48,buy_no,48,1,,,,,,,,52,53,47,48,0,0,101,1773196205435
KXBTC15M-26MAR102245-45,,BTC-USD,down,69966.56,69956.46,-10.10,1773196216236,1773196219831,2367,1773196217023,1773196220619,2372,1000,48,49,51,52,buy_no,52,1,yes_bid_down,1773196221295,676,47,51,49,53,48,49,52,53,1,0,100,1773196221295
KXBTC15M-26MAR102245-45,,BTC-USD,down,69976.00,69964.00,-12.00,1773196233237,1773196236833,2450,1773196234032,1773196237629,2456,1000,52,53,47,48,buy_no,48,1,yes_bid_down,1773196240694,3065,51,47,53,49,52,53,47,50,2,0,101,1773196237653
KXBTC15M-26MAR102245-45,,BTC-USD,down,69978.00,69967.62,-10.38,1773196260494,1773196264093,2559,1773196261288,1773196264883,2564,1000,47,48,52,53,buy_no,53,1,,,,,,,,47,48,52,53,0,0,101,1773196264889
KXBTC15M-26MAR102245-45,,BTC-USD,down,69948.10,69936.00,-12.10,1773196309236,1773196312834,2774,1773196310025,1773196313622,2779,1000,42,43,57,58,buy_no,58,1,yes_bid_down,1773196313860,238,41,57,43,59,42,43,58,59,1,0,100,1773196314536
KXBTC15M-26MAR102245-45,,BTC-USD,down,69948.05,69936.00,-12.05,1773196315735,1773196319335,2810,1773196316529,1773196320126,2811,1000,41,42,58,59,buy_no,59,1,yes_bid_down,1773196320187,61,40,58,42,60,41,43,59,60,1,0,100,1773196324650
KXBTC15M-26MAR102245-45,,BTC-USD,down,69950.62,69936.00,-14.62,1773196322987,1773196326587,2839,1773196323773,1773196327372,2843,1000,42,44,56,58,buy_no,58,2,no_bid_up,1773196328155,783,42,57,43,58,42,44,58,59,1,0,100,1773196328225
KXBTC15M-26MAR102245-45,,BTC-USD,down,69953.07,69936.00,-17.07,1773196332984,1773196336582,2879,1773196333773,1773196337371,2885,1000,41,43,57,59,buy_no,59,2,,,,,,,,41,43,57,59,0,0,102,1773196337390
KXBTC15M-26MAR102245-45,,BTC-USD,down,69958.00,69936.00,-22.00,1773196347488,1773196351088,2932,1773196348482,1773196352082,2933,1000,43,44,56,57,buy_no,57,1,yes_bid_down,1773196353989,1907,42,56,44,58,43,44,59,60,3,2,98,1773196354835
KXBTC15M-26MAR102245-45,,BTC-USD,down,69941.53,69925.30,-16.23,1773196358774,1773196362375,2978,1773196359747,1773196363346,2984,1000,34,35,65,66,buy_no,66,1,yes_bid_down,1773196363440,94,33,65,35,67,34,35,69,70,4,3,97,1773196363990
KXBTC15M-26MAR102245-45,,BTC-USD,down,69905.01,69877.94,-27.07,1773196368990,1773196372589,3027,1773196369751,1773196373350,3033,1000,22,23,77,78,buy_no,78,1,yes_bid_down,1773196373831,481,21,77,23,79,23,29,78,80,2,0,100,1773196373832
KXBTC15M-26MAR102245-45,,BTC-USD,down,69875.53,69858.81,-16.72,1773196380491,1773196384090,3085,1773196381358,1773196384957,3089,1000,18,19,81,82,buy_no,82,1,yes_bid_down,1773196385716,759,17,81,19,83,18,19,85,86,4,3,97,1773196388895
KXBTC15M-26MAR102245-45,,BTC-USD,up,69834.44,69844.86,10.42,1773196386493,1773196390094,3122,1773196387024,1773196390623,3127,1000,15,17,83,85,buy_yes,17,2,no_bid_down,1773196391153,530,14,82,18,86,18,21,85,86,4,1,99,1773196394646
KXBTC15M-26MAR102245-45,,BTC-USD,up,69842.00,69864.00,22.00,1773196392237,1773196395837,3158,1773196392290,1773196395889,3159,1000,18,20,80,82,buy_yes,20,2,yes_bid_up,1773196396370,481,19,80,20,81,19,21,82,84,1,0,101,1773196396370
KXBTC15M-26MAR102245-45,,BTC-USD,down,69838.21,69828.12,-10.09,1773196405238,1773196408837,3232,1773196406022,1773196409623,3237,1000,14,15,85,86,buy_no,86,1,,,,,,,,15,16,85,86,0,0,101,1773196409624
KXBTC15M-26MAR102245-45,,BTC-USD,down,69841.26,69827.00,-14.26,1773196411988,1773196415587,3268,1773196412757,1773196416356,3272,1000,15,16,84,85,buy_no,85,1,yes_bid_down,1773196416483,127,14,84,16,86,15,16,85,86,1,0,100,1773196416483
KXBTC15M-26MAR102245-45,,BTC-USD,down,69841.46,69828.00,-13.46,1773196430772,1773196434372,3359,1773196431750,1773196435351,3364,1000,15,16,84,85,buy_no,85,1,yes_bid_down,1773196436205,854,13,84,16,87,15,16,88,89,4,3,97,1773196437919
KXBTC15M-26MAR102245-45,,BTC-USD,down,69802.28,69791.00,-11.28,1773196446770,1773196450372,3447,1773196447766,1773196451366,3453,1000,10,11,89,90,buy_no,90,1,,,,,,,,11,12,89,90,0,0,101,1773196451371
KXBTC15M-26MAR102245-45,,BTC-USD,down,69802.37,69788.00,-14.37,1773196456236,1773196459837,3491,1773196457030,1773196460632,3495,1000,11,12,88,89,buy_no,89,1,yes_bid_down,1773196460730,98,10,88,12,90,11,12,89,90,1,0,100,1773196460753
KXBTC15M-26MAR102245-45,,BTC-USD,up,69800.01,69810.15,10.14,1773196471236,1773196474838,3561,1773196472042,1773196475643,3566,1000,12,13,87,88,buy_yes,13,1,,,,,,,,12,13,89,90,0,0,101,1773196475669
KXBTC15M-26MAR102245-45,,BTC-USD,up,69814.08,69829.90,15.82,1773196477236,1773196480838,3586,1773196478029,1773196481631,3590,1000,13,14,86,87,buy_yes,14,1,,,,,,,,13,14,89,90,0,0,101,1773196481644
KXBTC15M-26MAR102245-45,,BTC-USD,up,69825.00,69847.83,22.83,1773196510488,1773196514092,3752,1773196511043,1773196514646,3756,1000,12,15,85,88,buy_yes,15,3,yes_bid_up,1773196514713,67,13,86,14,87,13,16,87,88,1,0,102,1773196514713
KXBTC15M-26MAR102245-45,,BTC-USD,up,69827.04,69837.89,10.85,1773196516238,1773196519845,3783,1773196516776,1773196520379,3788,1000,12,13,87,88,buy_yes,13,1,no_bid_down,1773196520381,2,12,86,14,88,14,15,86,88,2,1,99,1773196524126
KXBTC15M-26MAR102245-45,,BTC-USD,down,69856.50,69846.00,-10.50,1773196521990,1773196525594,3814,1773196522524,1773196526127,3818,1000,14,15,85,86,buy_no,86,1,yes_bid_down,1773196526185,58,13,85,15,87,14,15,86,87,1,0,100,1773196528470
KXBTC15M-26MAR102245-45,,BTC-USD,up,69833.00,69847.98,14.98,1773196527770,1773196531373,3838,1773196528521,1773196532125,3841,1000,14,15,85,86,buy_yes,15,1,no_bid_down,1773196534050,1925,14,84,16,86,14,16,86,87,1,0,101,1773196532166
KXBTC15M-26MAR102245-45,,BTC-USD,down,69845.34,69832.00,-13.34,1773196541237,1773196544842,3897,1773196542044,1773196545647,3902,1000,13,15,85,87,buy_no,87,2,yes_bid_down,1773196547707,2060,12,85,15,88,14,15,85,88,1,0,102,1773196545778
KXBTC15M-26MAR102245-45,,BTC-USD,down,69844.87,69833.00,-11.87,1773196555488,1773196559094,3959,1773196556280,1773196559884,3965,1000,13,15,85,87,buy_no,87,2,no_bid_up,1773196560561,677,13,86,14,87,13,15,87,88,1,0,100,1773196561852
KXBTC15M-26MAR102245-45,,BTC-USD,down,69836.51,69824.14,-12.37,1773196568763,1773196572367,4028,1773196569742,1773196573346,4034,1000,11,12,88,89,buy_no,89,1,yes_bid_down,1773196573617,271,10,88,12,90,11,12,89,90,1,0,100,1773196573686
KXBTC15M-26MAR102245-45,,BTC-USD,up,69824.02,69834.91,10.89,1773196599770,1773196603377,4154,1773196600769,1773196604374,4157,1000,10,12,88,90,buy_yes,12,2,,,,,,,,10,12,88,91,0,0,102,1773196604390
KXBTC15M-26MAR102245-45,69972.89,BTC-USD,down,69724.42,69713.74,-10.68,1773196756364,1773196759974,6,1773196757322,1773196760933,12,1000,,1,99,,buy_no,,,,,,,,,,,1,99,,0,0,,
KXBTC15M-26MAR102245-45,69972.89,BTC-USD,down,69692.42,69677.73,-14.69,1773196765052,1773196768662,55,1773196765862,1773196769473,62,1000,,1,99,,buy_no,,,,,,,,,,,1,99,,0,0,,
KXBTC15M-26MAR102245-45,69972.89,BTC-USD,up,69713.73,69724.89,11.16,1773196771110,1773196774723,93,1773196771825,1773196775436,99,1000,,1,99,,buy_yes,1,,,,,,,,,,1,99,,0,0,,
KXBTC15M-26MAR102245-45,69972.89,BTC-USD,down,69731.99,69719.31,-12.68,1773196789052,1773196792664,183,1773196789861,1773196793472,188,1000,,1,99,,buy_no,,,,,,,,,,,1,99,,0,0,,
KXBTC15M-26MAR102245-45,69972.89,BTC-USD,up,69728.37,69757.50,29.13,1773196830359,1773196833975,394,1773196831362,1773196834974,401,1000,,1,99,,buy_yes,1,,,,,,,,,,1,99,,0,0,,
KXBTC15M-26MAR102245-45,69972.89,BTC-USD,up,69770.92,69784.50,13.58,1773196845550,1773196849164,481,1773196846361,1773196849973,486,1000,,1,99,,buy_yes,1,,,,,,,,,,1,99,,0,0,,
KXBTC15M-26MAR102245-45,69972.89,BTC-USD,up,69755.93,69766.74,10.81,1773196855052,1773196858668,521,1773196855866,1773196859480,527,1000,,1,99,,buy_yes,1,,,,,,,,,,1,99,,0,0,,
KXBTC15M-26MAR102245-45,69972.89,BTC-USD,down,69758.00,69746.43,-11.57,1773196863803,1773196867416,567,1773196864621,1773196868234,572,1000,,1,99,,buy_no,,,,,,,,,,,1,99,,0,0,,
KXBTC15M-26MAR102245-45,69972.89,BTC-USD,down,69749.00,69736.06,-12.94,1773196875303,1773196878917,629,1773196876302,1773196879916,635,1000,,1,99,,buy_no,,,,,,,,,,,1,99,,0,0,,
KXBTC15M-26MAR102245-45,69972.89,BTC-USD,down,69744.42,69733.26,-11.16,1773196892613,1773196896226,710,1773196893610,1773196897226,716,1000,,1,99,,buy_no,,,,,,,,,,,1,99,,0,0,,
KXBTC15M-26MAR102245-45,69972.89,BTC-USD,down,69735.00,69724.89,-10.11,1773196923819,1773196927434,841,1773196924803,1773196928417,847,1000,,1,99,,buy_no,,,,,,,,,,,1,99,,0,0,,
KXBTC15M-26MAR102245-45,69972.89,BTC-USD,up,69731.13,69744.90,13.77,1773196946112,1773196949729,933,1773196946848,1773196950464,936,1000,,1,99,,buy_yes,1,,,,,,,,,,1,99,,0,0,,
KXBTC15M-26MAR102245-45,69972.89,BTC-USD,down,69753.40,69719.84,-33.56,1773196989552,1773196993169,1084,1773196990360,1773196993977,1088,1000,,1,99,,buy_no,,,,,,,,,,,1,99,,0,0,,
KXBTC15M-26MAR102245-45,69972.89,BTC-USD,up,69672.00,69685.83,13.83,1773197004862,1773197008477,1165,1773197005859,1773197009475,1171,1000,,1,99,,buy_yes,1,,,,,,,,,,1,99,,0,0,,
KXBTC15M-26MAR102245-45,69972.89,BTC-USD,up,69692.00,69707.50,15.50,1773197011052,1773197014669,1199,1773197011084,1773197014701,1200,1000,,1,99,,buy_yes,1,,,,,,,,,,1,99,,0,0,,
KXBTC15M-26MAR102245-45,69972.89,BTC-USD,up,69698.07,69731.18,33.11,1773197016306,1773197019923,1227,1773197016609,1773197020227,1229,1000,,1,99,,buy_yes,1,,,,,,,,,,1,99,,0,0,,
KXBTC15M-26MAR102245-45,69972.89,BTC-USD,down,69730.46,69701.09,-29.37,1773197026303,1773197029921,1269,1773197027115,1773197030732,1276,1000,,1,99,,buy_no,,,,,,,,,,,1,99,,0,0,,
KXBTC15M-26MAR102245-45,69972.89,BTC-USD,down,69685.06,69671.88,-13.18,1773197032804,1773197036421,1305,1773197033608,1773197037226,1310,1000,,1,99,,buy_no,,,,,,,,,,,1,99,,0,0,,
KXBTC15M-26MAR102245-45,69972.89,BTC-USD,up,69685.07,69695.50,10.43,1773197049050,1773197052668,1375,1773197049860,1773197053478,1379,1000,,1,99,,buy_yes,1,,,,,,,,,,1,99,,0,0,,
KXBTC15M-26MAR102245-45,69972.89,BTC-USD,down,69717.00,69702.29,-14.71,1773197065553,1773197069174,1450,1773197066362,1773197069981,1456,1000,,1,99,,buy_no,,,,,,,,,,,1,99,,0,0,,
KXBTC15M-26MAR102245-45,69972.89,BTC-USD,down,69704.78,69694.03,-10.75,1773197092303,1773197095923,1563,1773197093109,1773197096730,1567,1000,,1,99,,buy_no,,,,,,,,,,,1,99,,0,0,,
KXBTC15M-26MAR102300-00,,BTC-USD,down,69705.36,69691.41,-13.95,1773197103551,1773197107172,1621,1773197104365,1773197107984,1626,1000,52,53,47,48,buy_no,48,1,,,,,,,,52,55,47,48,0,0,101,1773197108006
KXBTC15M-26MAR102300-00,69707.08,BTC-USD,up,69685.84,69696.00,10.16,1773197111303,1773197114922,1656,1773197112108,1773197115727,1660,1000,52,53,47,48,buy_yes,53,1,no_bid_down,1773197117412,1685,50,46,54,50,53,54,49,50,1,0,100,1773197117412
KXBTC15M-26MAR102300-00,69707.08,BTC-USD,up,69684.00,69694.19,10.19,1773197134362,1773197137983,1761,1773197135358,1773197138978,1765,1000,51,52,48,49,buy_yes,52,1,no_bid_down,1773197142505,3527,51,47,53,49,51,53,51,53,1,0,101,1773197138985
KXBTC15M-26MAR102300-00,69707.08,BTC-USD,down,69702.01,69685.84,-16.17,1773197145330,1773197148952,1815,1773197146136,1773197149756,1820,1000,47,48,52,53,buy_no,53,1,yes_bid_down,1773197150231,475,46,52,48,54,47,49,54,55,2,1,99,1773197150307
KXBTC15M-26MAR102300-00,69707.08,BTC-USD,down,69689.46,69675.27,-14.19,1773197164052,1773197167672,1885,1773197164860,1773197168482,1890,1000,41,42,58,59,buy_no,59,1,,,,,,,,42,43,58,59,0,0,101,1773197168488
KXBTC15M-26MAR102300-00,69707.08,BTC-USD,up,69673.16,69685.51,12.35,1773197173550,1773197177173,1928,1773197174352,1773197177973,1932,1000,44,45,55,56,buy_yes,45,1,no_bid_down,1773197178781,808,44,54,46,56,45,46,57,58,1,0,100,1773197179508
KXBTC15M-26MAR102300-00,69707.08,BTC-USD,down,69677.00,69666.30,-10.70,1773197179553,1773197183174,1960,1773197180114,1773197183736,1964,1000,42,43,57,58,buy_no,58,1,,,,,,,,42,43,57,58,0,0,101,1773197183749
KXBTC15M-26MAR102300-00,69707.08,BTC-USD,down,69663.53,69652.36,-11.17,1773197197806,1773197201423,39,1773197198518,1773197202133,44,1000,35,36,64,65,buy_no,65,1,,,,,,,,35,37,64,65,0,0,101,1773197202140
KXBTC15M-26MAR102300-00,69707.08,BTC-USD,down,69651.66,69641.19,-10.47,1773197203552,1773197207167,66,1773197204060,1773197207674,71,1000,34,35,65,66,buy_no,66,1,yes_bid_down,1773197208499,825,33,65,35,67,34,35,67,68,2,1,99,1773197208552
KXBTC15M-26MAR102300-00,69707.08,BTC-USD,up,69642.00,69654.62,12.62,1773197222054,1773197225668,157,1773197222837,1773197226452,161,1000,35,36,64,65,buy_yes,36,1,,,,,,,,35,36,66,67,0,0,101,1773197226456
KXBTC15M-26MAR102300-00,69707.08,BTC-USD,up,69652.00,69662.41,10.41,1773197246051,1773197249666,283,1773197247050,1773197250666,287,1000,36,38,62,64,buy_yes,38,2,,,,,,,,36,38,63,64,0,0,102,1773197250733
KXBTC15M-26MAR102300-00,69707.08,BTC-USD,up,69652.18,69662.63,10.45,1773197262550,1773197266166,346,1773197263307,1773197266923,349,1000,36,37,63,64,buy_yes,37,1,no_bid_down,1773197267796,873,36,62,38,64,48,50,63,65,13,11,89,1773197271049
KXBTC15M-26MAR102300-00,69707.08,BTC-USD,down,69689.16,69677.46,-11.70,1773197289804,1773197293420,463,1773197290563,1773197294179,469,1000,40,41,59,60,buy_no,60,1,yes_bid_down,1773197295499,1320,39,58,42,61,40,42,65,66,6,5,95,1773197298095
KXBTC15M-26MAR102300-00,69707.08,BTC-USD,down,69651.96,69638.34,-13.62,1773197305802,1773197309419,534,1773197306563,1773197310179,539,1000,28,30,70,72,buy_no,72,2,no_bid_up,1773197310246,67,28,71,29,72,33,34,71,72,0,0,101,1773197310246
KXBTC15M-26MAR102300-00,69707.08,BTC-USD,down,69666.30,69656.00,-10.30,1773197329044,1773197332661,654,1773197330010,1773197333627,660,1000,35,37,63,65,buy_no,65,2,no_bid_up,1773197334747,1120,35,64,36,65,37,38,65,67,2,0,100,1773197334864
KXBTC15M-26MAR102300-00,69707.08,BTC-USD,up,69669.10,69683.04,13.94,1773197347552,1773197351169,734,1773197348315,1773197351933,738,1000,39,40,60,61,buy_yes,40,1,no_bid_down,1773197352747,814,39,59,41,61,45,46,60,61,6,5,95,1773197354246
KXBTC15M-26MAR102300-00,69707.08,BTC-USD,up,69686.05,69698.99,12.94,1773197357302,1773197360921,780,1773197358273,1773197361892,787,1000,44,45,55,56,buy_yes,45,1,no_bid_down,1773197362233,341,44,54,46,56,45,46,55,56,1,0,100,1773197362233
KXBTC15M-26MAR102300-00,69707.08,BTC-USD,up,69690.00,69702.57,12.57,1773197371804,1773197375423,842,1773197372800,1773197376419,848,1000,46,47,53,54,buy_yes,47,1,no_bid_down,1773197376562,143,46,52,48,54,51,52,53,54,5,4,96,1773197380355
KXBTC15M-26MAR102300-00,69707.08,BTC-USD,down,69718.03,69706.00,-12.03,1773197378097,1773197381716,876,1773197378807,1773197382427,882,1000,51,52,48,49,buy_no,49,1,,,,,,,,52,53,48,49,0,0,101,1773197382432
KXBTC15M-26MAR102300-00,69707.08,BTC-USD,up,69710.00,69728.49,18.49,1773197391050,1773197394668,943,1773197392037,1773197395656,949,1000,55,57,43,45,buy_yes,57,2,yes_bid_up,1773197395661,5,56,43,57,44,57,59,43,45,2,0,100,1773197397010
KXBTC15M-26MAR102300-00,69707.08,BTC-USD,down,69728.68,69718.27,-10.41,1773197427305,1773197430925,1096,1773197428070,1773197431691,1103,1000,52,54,46,48,buy_no,48,2,no_bid_up,1773197432561,870,52,47,53,48,53,54,53,54,6,5,95,1773197436329
KXBTC15M-26MAR102300-00,69707.08,BTC-USD,down,69703.01,69690.00,-13.01,1773197433589,1773197437209,1134,1773197434555,1773197438176,1142,1000,41,43,57,59,buy_no,59,2,no_bid_up,1773197438400,224,41,58,42,59,46,47,62,63,4,3,97,1773197438980
KXBTC15M-26MAR102300-00,69707.08,BTC-USD,up,69688.62,69699.76,11.14,1773197445052,1773197448672,1201,1773197445812,1773197449432,1207,1000,44,46,54,56,buy_yes,46,2,,,,,,,,44,46,56,57,0,0,102,1773197449438
KXBTC15M-26MAR102300-00,69707.08,BTC-USD,up,69692.00,69711.04,19.04,1773197457551,1773197461173,1262,1773197458068,1773197461689,1265,1000,48,51,49,52,buy_yes,51,3,yes_bid_up,1773197461695,6,49,49,51,51,52,53,49,52,2,1,99,1773197463664
KXBTC15M-26MAR102300-00,69707.08,BTC-USD,up,69719.30,69736.50,17.20,1773197463150,1773197466771,1294,1773197464064,1773197467687,1301,1000,57,58,42,43,buy_yes,58,1,no_bid_down,1773197467917,230,57,41,59,43,58,59,42,43,1,0,100,1773197467917
KXBTC15M-26MAR102300-00,69707.08,BTC-USD,up,69729.00,69739.03,10.03,1773197482033,1773197485654,1396,1773197482799,1773197486421,1402,1000,58,60,40,42,buy_yes,60,2,yes_bid_up,1773197486426,5,59,40,60,41,61,62,40,42,2,1,99,1773197488494
KXBTC15M-26MAR102300-00,69707.08,BTC-USD,down,69727.97,69713.73,-14.24,1773197498312,1773197501933,1473,1773197499307,1773197502929,1479,1000,53,54,46,47,buy_no,47,1,yes_bid_down,1773197502935,6,52,46,54,48,58,60,47,48,1,0,100,1773197502935
KXBTC15M-26MAR102300-00,69707.08,BTC-USD,up,69720.00,69730.47,10.47,1773197507303,1773197510925,1509,1773197508302,1773197511924,1514,1000,58,60,40,42,buy_yes,60,2,yes_bid_up,1773197512580,656,59,40,60,41,62,65,40,42,5,2,98,1773197513719
KXBTC15M-26MAR102300-00,69707.08,BTC-USD,up,69740.61,69755.00,14.39,1773197517802,1773197521425,1554,1773197518583,1773197522205,1560,1000,64,66,34,36,buy_yes,66,2,yes_bid_up,1773197523010,805,65,34,66,35,73,75,34,36,9,7,93,1773197526913
KXBTC15M-26MAR102300-00,69707.08,BTC-USD,up,69773.00,69784.00,11.00,1773197532055,1773197535678,1628,1773197533049,1773197536672,1632,1000,78,80,20,22,buy_yes,80,2,no_bid_down,1773197536720,48,78,19,81,22,84,85,20,22,5,4,96,1773197537089
KXBTC15M-26MAR102300-00,69707.08,BTC-USD,up,69789.00,69800.22,11.22,1773197556056,1773197559680,1752,1773197557031,1773197560655,1757,1000,83,84,16,17,buy_yes,84,1,no_bid_down,1773197561137,482,83,15,85,17,84,85,18,19,1,0,100,1773197562617
KXBTC15M-26MAR102300-00,69707.08,BTC-USD,up,69786.27,69798.00,11.73,1773197564060,1773197567683,1789,1773197564812,1773197568435,1794,1000,86,87,13,14,buy_yes,87,1,,,,,,,,86,87,14,15,0,0,101,1773197568455
KXBTC15M-26MAR102300-00,69707.08,BTC-USD,down,69802.62,69789.06,-13.56,1773197571597,1773197575220,1825,1773197572557,1773197576181,1831,1000,83,84,16,17,buy_no,17,1,yes_bid_down,1773197576419,238,82,16,84,18,83,84,16,18,1,0,101,1773197576185
KXBTC15M-26MAR102300-00,69707.08,BTC-USD,up,69783.87,69795.00,11.13,1773197585551,1773197589174,1891,1773197586045,1773197589669,1893,1000,82,84,16,18,buy_yes,84,2,,,,,,,,82,84,16,18,0,0,102,1773197589679
KXBTC15M-26MAR102300-00,69707.08,BTC-USD,down,69789.00,69775.12,-13.88,1773197597154,1773197600778,1939,1773197598048,1773197601672,1943,1000,81,82,18,19,buy_no,19,1,yes_bid_down,1773197602468,796,80,18,82,20,83,84,18,20,1,0,101,1773197601674
KXBTC15M-26MAR102300-00,69707.08,BTC-USD,down,69780.00,69766.74,-13.26,1773197608542,1773197612167,1994,1773197609306,1773197612930,1996,1000,78,79,21,22,buy_no,22,1,,,,,,,,79,80,21,22,0,0,101,1773197612941
KXBTC15M-26MAR102300-00,69707.08,BTC-USD,down,69777.00,69765.01,-11.99,1773197614803,1773197618428,2008,1773197615059,1773197618684,2010,1000,79,80,20,21,buy_no,21,1,yes_bid_down,1773197618738,54,78,20,80,22,80,81,20,22,1,0,101,1773197618692
KXBTC15M-26MAR102300-00,69707.08,BTC-USD,up,69770.92,69781.02,10.10,1773197621557,1773197625182,2034,1773197622308,1773197625934,2038,1000,82,83,17,18,buy_yes,83,1,no_bid_down,1773197626069,135,82,16,84,18,84,85,17,18,2,1,99,1773197626440
KXBTC15M-26MAR102300-00,69707.08,BTC-USD,down,69796.74,69785.89,-10.85,1773197714301,1773197717929,2395,1773197715063,1773197718690,2400,1000,91,92,8,9,buy_no,9,1,yes_bid_down,1773197718900,210,90,8,92,10,91,92,10,11,2,1,99,1773197721177
KXBTC15M-26MAR102300-00,69707.08,BTC-USD,up,69779.53,69791.82,12.29,1773197783552,1773197787184,2648,1773197784550,1773197788180,2652,1000,94,95,5,6,buy_yes,95,1,,,,,,,,94,95,6,7,0,0,101,1773197788194
KXBTC15M-26MAR102300-00,69707.08,BTC-USD,down,69785.00,69772.67,-12.33,1773197810041,1773197813671,2753,1773197810803,1773197814433,2756,1000,94,95,5,6,buy_no,6,1,,,,,,,,94,96,5,6,0,0,101,1773197814468
KXBTC15M-26MAR102300-00,69707.08,BTC-USD,up,69783.48,69795.01,11.53,1773197887553,1773197891185,3020,1773197888548,1773197892181,3025,1000,98,99,1,2,buy_yes,99,1,,,,,,,,98,99,1,2,0,0,101,1773197892203
KXBTC15M-26MAR102300-00,69707.08,BTC-USD,up,69786.00,69797.50,11.50,1773197893550,1773197897183,3047,1773197894536,1773197898168,3051,1000,99,,,1,buy_yes,,,,,,,,,,99,,,1,0,0,,
KXBTC15M-26MAR102300-00,69707.08,BTC-USD,down,69800.01,69786.28,-13.73,1773197909811,1773197913444,3116,1773197910806,1773197914439,3122,1000,99,,,1,buy_no,1,,,,,,,,,99,,,1,0,0,,
KXBTC15M-26MAR102300-00,69707.08,BTC-USD,up,69763.96,69775.94,11.98,1773197943304,1773197946939,3240,1773197944286,1773197947920,3245,1000,99,,,1,buy_yes,,,,,,,,,,99,,,1,0,0,,
KXBTC15M-26MAR102300-00,69707.08,BTC-USD,up,69773.49,69798.36,24.87,1773197976550,1773197980186,3376,1773197977327,1773197980962,3379,1000,99,,,1,buy_yes,,,,,,,,,,99,,,1,0,0,,
KXBTC15M-26MAR102300-00,69707.08,BTC-USD,down,69825.33,69812.00,-13.33,1773197985051,1773197988690,3415,1773197985809,1773197989446,3420,1000,99,,,1,buy_no,1,,,,,,,,,99,,,1,0,0,,
KXBTC15M-26MAR102300-00,69707.08,BTC-USD,up,69786.85,69808.00,21.15,1773197992306,1773197995942,3452,1773197993089,1773197996739,3458,1000,99,,,1,buy_yes,,,,,,,,,,99,,,1,0,0,,
KXBTC15M-26MAR102315-15,69791.54,BTC-USD,up,69795.11,69805.79,10.68,1773198025303,1773198028939,3598,1773198026299,1773198029935,3602,1000,54,56,44,46,buy_yes,56,2,yes_bid_up,1773198030291,356,55,44,56,45,60,61,44,46,5,4,96,1773198034207
KXBTC15M-26MAR102315-15,69791.54,BTC-USD,up,69816.01,69828.12,12.11,1773198047051,1773198050688,3710,1773198047837,1773198051489,3714,1000,59,60,40,41,buy_yes,60,1,no_bid_down,1773198051769,280,59,39,61,41,66,67,40,42,7,6,94,1773198055481
KXBTC15M-26MAR102315-15,69791.54,BTC-USD,down,69861.59,69851.00,-10.59,1773198055050,1773198058687,3749,1773198055895,1773198059532,3753,1000,66,67,33,34,buy_no,34,1,yes_bid_down,1773198060476,944,65,33,67,35,66,67,34,37,3,0,100,1773198060478
KXBTC15M-26MAR102315-15,69791.54,BTC-USD,up,69855.00,69868.04,13.04,1773198061805,1773198065442,3787,1773198062576,1773198066214,3790,1000,67,69,31,33,buy_yes,69,2,yes_bid_up,1773198066275,61,68,31,69,32,71,73,31,33,4,2,98,1773198066821
KXBTC15M-26MAR102315-15,69791.54,BTC-USD,up,69869.98,69890.50,20.52,1773198067809,1773198071474,3819,1773198067822,1773198071499,3820,1000,72,74,26,28,buy_yes,74,2,no_bid_down,1773198071576,77,72,25,75,28,74,76,27,28,2,0,100,1773198075114
KXBTC15M-26MAR102315-15,69791.54,BTC-USD,up,69884.00,69895.00,11.00,1773198082808,1773198086601,3894,1773198083803,1773198087440,3898,1000,77,78,22,23,buy_yes,78,1,no_bid_down,1773198087581,141,77,21,79,23,78,80,23,24,2,0,100,1773198088069
KXBTC15M-26MAR102315-15,69791.54,BTC-USD,down,69878.30,69864.39,-13.91,1773198107803,1773198111441,4024,1773198108560,1773198112198,4029,1000,72,73,27,28,buy_no,28,1,yes_bid_down,1773198112335,137,71,27,73,29,72,73,29,30,2,1,99,1773198112335
KXBTC15M-26MAR102315-15,69791.54,BTC-USD,down,69859.52,69842.59,-16.93,1773198134578,1773198138216,4156,1773198135555,1773198139194,4160,1000,66,68,32,34,buy_no,34,2,no_bid_up,1773198139239,45,66,33,67,34,66,69,38,39,5,4,96,1773198141136
KXBTC15M-26MAR102315-15,69791.54,BTC-USD,down,69814.18,69800.00,-14.18,1773198151559,1773198155198,4236,1773198152062,1773198155701,4240,1000,55,58,42,45,buy_no,45,3,no_bid_up,1773198156036,335,55,43,57,45,55,58,49,50,5,4,96,1773198160391
KXBTC15M-26MAR102315-15,69791.54,BTC-USD,up,69783.49,69799.45,15.96,1773198158053,1773198161692,4268,1773198159046,1773198162685,4274,1000,52,54,46,48,buy_yes,54,2,,,,,,,,52,54,52,53,0,0,102,1773198162713
KXBTC15M-26MAR102315-15,69791.54,BTC-USD,up,69772.32,69783.54,11.22,1773198166303,1773198169943,4315,1773198167070,1773198170710,4320,1000,47,48,52,53,buy_yes,48,1,no_bid_down,1773198172470,1760,46,51,49,54,49,51,53,54,3,1,99,1773198172892
KXBTC15M-26MAR102315-15,69791.54,BTC-USD,up,69766.75,69783.70,16.95,1773198190303,1773198193943,4427,1773198191266,1773198194906,4432,1000,43,44,56,57,buy_yes,44,1,no_bid_down,1773198195142,236,43,55,45,57,45,46,56,57,2,1,99,1773198195273
KXBTC15M-26MAR102315-15,69791.54,BTC-USD,down,69761.16,69750.00,-11.16,1773198204052,1773198207692,4496,1773198205050,1773198208690,4500,1000,37,38,62,63,buy_no,63,1,yes_bid_down,1773198209670,980,36,62,38,64,42,43,64,65,2,1,99,1773198209737
KXBTC15M-26MAR102315-15,69791.54,BTC-USD,down,69771.81,69760.94,-10.87,1773198215784,1773198219425,4559,1773198216554,1773198220196,4566,1000,41,42,58,59,buy_no,59,1,yes_bid_down,1773198221530,1334,40,58,42,60,41,42,62,64,5,3,97,1773198221814
KXBTC15M-26MAR102315-15,69791.54,BTC-USD,up,69741.64,69753.44,11.80,1773198235588,1773198239232,4684,1773198236549,1773198240190,4689,1000,33,34,66,67,buy_yes,34,1,,,,,,,,33,34,68,69,0,0,101,1773198240191
KXBTC15M-26MAR102315-15,69791.54,BTC-USD,down,69727.69,69716.52,-11.17,1773198242553,1773198246199,4722,1773198243532,1773198247179,4727,1000,27,28,72,73,buy_no,73,1,yes_bid_down,1773198247875,696,26,72,28,74,27,28,80,81,8,7,93,1773198251491
KXBTC15M-26MAR102315-15,69791.54,BTC-USD,up,69680.35,69706.24,25.89,1773198250059,1773198253701,4768,1773198250812,1773198254454,4774,1000,21,22,78,79,buy_yes,22,1,no_bid_down,1773198255164,710,21,77,23,79,25,26,78,79,4,3,97,1773198255869
KXBTC15M-26MAR102315-15,69791.54,BTC-USD,down,69720.21,69710.00,-10.21,1773198256805,1773198260448,4806,1773198257804,1773198261446,4813,1000,27,29,71,73,buy_no,73,2,no_bid_up,1773198264848,3402,27,72,28,73,28,29,73,74,1,0,100,1773198264924
KXBTC15M-26MAR102315-15,69791.54,BTC-USD,up,69718.00,69736.30,18.30,1773198282551,1773198286194,4954,1773198283551,1773198287194,4961,1000,29,30,70,71,buy_yes,30,1,,,,,,,,29,30,72,74,0,0,101,1773198287217
KXBTC15M-26MAR102315-15,69791.54,BTC-USD,up,69736.21,69746.37,10.16,1773198309803,1773198313447,5089,1773198310790,1773198314433,5093,1000,31,32,68,69,buy_yes,32,1,no_bid_down,1773198315724,1291,31,67,33,69,32,33,70,71,1,0,100,1773198315751
KXBTC15M-26MAR102315-15,69791.54,BTC-USD,down,69749.99,69735.00,-14.99,1773198339302,1773198342947,5218,1773198340066,1773198343716,5222,1000,32,34,66,68,buy_no,68,2,,,,,,,,34,35,66,68,0,0,102,1773198343747
KXBTC15M-26MAR102315-15,69791.54,BTC-USD,up,69760.00,69772.00,12.00,1773198377304,1773198380949,5383,1773198378255,1773198381900,5388,1000,41,42,58,59,buy_yes,42,1,no_bid_down,1773198382046,146,41,57,43,59,43,44,58,60,2,1,99,1773198385191
KXBTC15M-26MAR102315-15,69791.54,BTC-USD,up,69763.00,69779.05,16.05,1773198383290,1773198386935,5416,1773198383544,1773198387190,5418,1000,42,43,57,58,buy_yes,43,1,no_bid_down,1773198387297,107,42,56,44,58,49,50,57,58,7,6,94,1773198391279
KXBTC15M-26MAR102315-15,69791.54,BTC-USD,up,69780.00,69790.02,10.02,1773198401583,1773198405229,5520,1773198402551,1773198406198,5526,1000,47,49,51,53,buy_yes,49,2,yes_bid_up,1773198407272,1074,48,51,49,52,48,50,51,54,1,0,101,1773198407272
KXBTC15M-26MAR102315-15,69791.54,BTC-USD,down,69793.39,69777.00,-16.39,1773198411804,1773198415450,5584,1773198412802,1773198416449,5589,1000,41,42,58,59,buy_no,59,1,yes_bid_down,1773198417562,1113,40,58,42,60,41,42,65,66,7,6,94,1773198421061
KXBTC15M-26MAR102315-15,69791.54,BTC-USD,down,69755.44,69744.42,-11.02,1773198422052,1773198425698,5632,1773198422808,1773198426454,5638,1000,30,31,69,70,buy_no,70,1,yes_bid_down,1773198426476,22,29,69,31,71,30,31,74,75,5,4,96,1773198427232
KXBTC15M-26MAR102315-15,69791.54,BTC-USD,down,69716.53,69701.34,-15.19,1773198467301,1773198470949,5846,1773198468065,1773198471713,5851,1000,16,17,83,84,buy_no,84,1,,,,,,,,21,22,83,84,0,0,101,1773198471730
KXBTC15M-26MAR102315-15,69791.54,BTC-USD,down,69722.73,69709.00,-13.73,1773198475301,1773198478949,5894,1773198476061,1773198479709,5899,1000,22,23,77,78,buy_no,78,1,,,,,,,,24,26,77,78,0,0,101,1773198479716
KXBTC15M-26MAR102315-15,69791.54,BTC-USD,up,69715.39,69730.46,15.07,1773198483304,1773198486953,5935,1773198484285,1773198487933,5940,1000,22,24,76,78,buy_yes,24,2,yes_bid_up,1773198489931,1998,23,76,24,77,28,29,77,78,5,4,96,1773198492458
KXBTC15M-26MAR102315-15,69791.54,BTC-USD,down,69751.41,69726.21,-25.20,1773198494803,1773198498451,5998,1773198495786,1773198499435,6003,1000,23,25,75,77,buy_no,77,2,no_bid_up,1773198499627,192,23,76,24,77,24,25,76,77,0,0,101,1773198499627
KXBTC15M-26MAR102315-15,69791.54,BTC-USD,down,69751.50,69722.63,-28.87,1773198515550,1773198519200,6093,1773198516532,1773198520181,6099,1000,27,31,69,73,buy_no,73,4,no_bid_up,1773198520290,109,27,72,28,73,27,31,80,81,8,7,93,1773198521945
KXBTC15M-26MAR102315-15,69791.54,BTC-USD,up,69715.44,69733.96,18.52,1773198526304,1773198529954,6148,1773198527074,1773198530725,6154,1000,23,24,76,77,buy_yes,24,1,no_bid_down,1773198533890,3165,23,75,25,77,24,25,76,77,1,0,100,1773198533924
